Sample	X_reads	Y_reads	Species	Read_ratio	Sex	Y_cov	X_cov	Cov_ratio	Group	Nr
LER.ALM.1584	75606	2839	LE_parental	0.03754992989974341	F	0.012689140375325017	0.08389282596611566	0.15125417732918145	LER_ALM	1584
LER.ALM.1591	47678	2123	LE_parental	0.044527874491379675	F	0.009488920400427972	0.05290376632029816	0.17936190673039576	LER_ALM	1591
LER.ALM.1592	9038	5206	LE_parental	0.5760123921221509	M	0.02326863853256148	0.010028613616402844	2.320224850871031	LER_ALM	1592
LER.ALM.1595	4003	1415	LE_parental	0.35348488633524855	M	0.0063244570732951385	0.004441750421161826	1.4238659252810637	LER_ALM	1595
LER.ALM.1599	38428	19818	LE_parental	0.5157177058394921	M	0.08857815567389615	0.04263991635883254	2.0773529415131664	LER_ALM	1599
LER.ALM.1600	45776	13544	LE_parental	0.2958755679832227	M	0.060536004664812265	0.05079329684714058	1.1918108967604877	LER_ALM	1600
LER.ALM.1601	42006	1882	LE_parental	0.04480312336332905	F	0.008411751386531061	0.046610084484467566	0.1804706316148002	LER_ALM	1601
LER.ALM.1602	6391	199	LE_parental	0.031137537161633547	F	8.894466131347934e-4	0.007091488119321816	0.12542453687701507	LER_ALM	1602
LER.ALM.1603	60183	2391	LE_parental	0.03972882707741389	F	0.0106867681005291	0.06677938186279844	0.16003095270461767	LER_ALM	1603
LER.ALM.1604	161780	628	LE_parental	0.0038818148102361233	F	0.0028068968494907045	0.17951196181253065	0.015636266358795774	LER_ALM	1604
LER.LAS.1673	664	404	LE_parental	0.608433734939759	M	0.0018057107120927464	7.367779864230459e-4	2.4508206615390606	LER_LAS	1673
LER.LAS.1674	378	172	LE_parental	0.455026455026455	M	7.687679269305751e-4	4.1943084166854117e-4	1.8328836379135434	LER_LAS	1674
LER.LAS.1678	34030	913	LE_parental	0.026829268292682926	F	0.004080727426090785	0.0377598718041811	0.10807047882082407	LER_LAS	1678
LER.LAS.1679	201287	4427	LE_parental	0.021993472007630896	F	0.019786834956521258	0.22334914239930065	0.08859149734789049	LER_LAS	1679
LER.LAS.1680	578	379	LE_parental	0.6557093425605537	M	0.0016939711878295814	6.413519219164466e-4	2.641250661209162	LER_LAS	1680
LER.LAS.1681	22944	10936	LE_parental	0.4766387726638773	M	0.0488793374936789	0.025458786326039706	1.9199398144005093	LER_LAS	1681
LER.LAS.1682	22375	13087	LE_parental	0.5848938547486033	M	0.05849340616128161	0.024827420852734414	2.356000106021457	LER_LAS	1682
LER.LAS.1683	107528	52491	LE_parental	0.48816122312327953	M	0.23461277472391176	0.11931364958448384	1.9663531837385184	LER_LAS	1683
LER.LAS.1684	6710	5079	LE_parental	0.756929955290611	M	0.0227010017493046	0.007445452242317225	3.0489755370775753	LER_LAS	1684
LER.LAS.1685	26168	420	LE_parental	0.016050137572607766	F	0.001877224007621172	0.02903615413963594	0.06465126196098603	LER_LAS	1685
LER.LAS.1686	34060	678	LE_parental	0.019906048150322958	F	0.0030303758980170345	0.037793159966218286	0.08018318396042458	LER_LAS	1686
LER.LAS.1687	47444	778	LE_parental	0.01639828007756513	F	0.0034773339950696946	0.05264411865640811	0.06605360833876199	LER_LAS	1687
LER.LAS.1688	12189	367	LE_parental	0.03010911477561736	F	0.001640336216183262	0.013524980235708594	0.1212819677068698	LER_LAS	1688
LER.LAS.1689	43171	937	LE_parental	0.02170438488800352	F	0.004187997369383424	0.047902774776911614	0.08742703087425267	LER_LAS	1689
LER.LAS.1690	208568	3818	LE_parental	0.01830578036899237	F	0.017064860145470557	0.23142817932572565	0.07373717494209064	LER_LAS	1690
LER.LAS.1692	2199	330	LE_parental	0.15006821282401092	F	0.001474961720273778	0.0024400222773257197	0.6044869893115671	LER_LAS	1692
LER.LAS.1693	111743	1711	LE_parental	0.015311921104677698	F	0.007647453040571012	0.12399063635070845	0.06167766587583383	LER_LAS	1693
LER.PYR.1545	8913	4702	LE_parental	0.5275440368001795	M	0.021015969723416073	0.009889912941247903	2.1249903662715446	LER_PYR	1545
LER.PYR.1546	144086	3058	LE_parental	0.021223436003497912	F	0.013667978607870342	0.15987860384299846	0.08548972957815144	LER_PYR	1546
LER.PYR.1547	17094	9380	LE_parental	0.5487305487305487	M	0.041924669503539506	0.01896759472878847	2.2103313626744376	LER_PYR	1547
LER.PYR.1548	10260	4145	LE_parental	0.4039961013645224	M	0.018526413122832756	0.011384551416717546	1.627329215240559	LER_PYR	1548
LER.PYR.1549	5164	2950	LE_parental	0.5712625871417506	M	0.01318526386305347	0.005730002292000917	2.3010922493800914	LER_PYR	1549
LER.PYR.1550	51221	1226	LE_parental	0.023935495207043987	F	0.005479706269865612	0.05683509825688981	0.09641412503762738	LER_PYR	1550
LER.PYR.1551	2787	1422	LE_parental	0.5102260495156081	M	0.006355744140088825	0.0030924702532545614	2.055232102362164	LER_PYR	1551
LER.PYR.1552	68054	1517	LE_parental	0.022291121756252388	F	0.0067803543322888515	0.07551308597595477	0.08979045478882804	LER_PYR	1552
LER.STY.4780	24650	529	LE_parental	0.0214604462474645	F	0.0023644083334085713	0.02735177314055434	0.08644442615323081	LER_STY	4780
LER.STY.4782	8385	151	LE_parental	0.018008348240906382	F	6.749067265495166e-4	0.009304041289393434	0.07253909409440254	LER_STY	4782
LER.STY.4783	30687	478	LE_parental	0.015576628539772543	F	0.0021364597039117148	0.03405046094783736	0.06274392899363693	LER_STY	4783
LER.STY.4785	29264	416	LE_parental	0.014215418261344996	F	0.0018593456837390655	0.032471492461873516	0.057260863076195864	LER_STY	4785
LER.STY.4786	21684	259	LE_parental	0.011944290721269138	F	0.0011576214713663892	0.0240606835204779	0.04811257628575451	LER_STY	4786
LER.STY.4789	34115	516	LE_parental	0.015125311446577751	F	0.0023063037807917255	0.03785418826328646	0.06092598696743246	LER_STY	4789
LER.STY.4790	6767	132	LE_parental	0.019506428254765774	F	5.899846881095112e-4	0.007508699750187879	0.07857348245876378	LER_STY	4790
LER.STY.4792	18947	364	LE_parental	0.01921148466775743	F	0.0016269274732716823	0.021023693537285316	0.07738542565731099	LER_STY	4792
LER.STY.4793	23259	327	LE_parental	0.014059073906874758	F	0.0014615529773621982	0.025808312027430155	0.05663109527693243	LER_STY	4793
LER.STY.4794	36126	535	LE_parental	0.014809278635885511	F	0.002391225819231731	0.04008560472517915	0.059652981054560954	LER_STY	4794
LER.STY.4795	26575	504	LE_parental	0.01896519285042333	F	0.0022526688091454063	0.02948776353794043	0.07639334214841387	LER_STY	4795
LER.STY.4796	28337	453	LE_parental	0.015986166496100504	F	0.0020247201796485498	0.03144288825492447	0.064393581252238985	LER_STY	4796
LER.STY.4798	34660	543	LE_parental	0.015666474321984997	F	0.0024269824669959435	0.038458923206962	0.06310583512532146	LER_STY	4798
LER.STY.4801	26418	426	LE_parental	0.016125369066545537	F	0.0019040414934443316	0.02931355548994582	0.06495430054867939	LER_STY	4801
LER.STY.4802	29872	793	LE_parental	0.026546598821638994	F	0.0035443777096275937	0.03314613254582715	0.10693186315861168	LER_STY	4802
LE_Hel_301	22753	16666	LE	0.7324748384828375	M	0.07449003645479631	0.025246851694402956	2.950468333891715	LE_Hel	301
LE_Hel_302	48112	953	LE	0.01980794812105088	F	0.00425951066491185	0.053385335064436115	0.07978802904900043	LE_Hel	302
LE_Hel_303	25316	14673	LE	0.5795939326907884	M	0.0655821615805368	0.028090770337779864	2.3346515881173246	LE_Hel	303
LE_Hel_304	42221	1115	LE	0.026408659198029417	F	0.004983582782137159	0.04684864964573406	0.1063762311149336	LE_Hel	304
LE_Hel_305	20603	11806	LE	0.5730233461146435	M	0.05276787293803704	0.022861200081737972	2.3081847299953937	LE_Hel	305
LE_Hel_306	22450	12362	LE	0.5506458797327394	M	0.055252959957649825	0.024910641257827378	2.218046472018794	LE_Hel	306
LE_Hel_309	44107	1251	LE	0.02836284489990251	F	0.005591445794128776	0.04894136543247181	0.11424785035562048	LE_Hel	309
LE_Hel_310	51585	1315	LE	0.025491906561985075	F	0.0058774989762424784	0.05723899462294099	0.10268347679689709	LE_Hel	310
LE_Hel_325	46164	1453	LE	0.031474742223377525	F	0.006494301150175149	0.05122382374282152	0.12678282634230828	LE_Hel	325
LE_Hel_459	41103	1066	LE	0.02593484660487069	F	0.004764573314581355	0.04560811080714827	0.10446767538186633	LE_Hel	459
LE_Hel_464	21831	12234	LE	0.5603957674866016	M	0.054680853593422424	0.024223795514460113	2.2573198143445903	LE_Hel	464
LE_Hel_477	21812	11369	LE	0.5212268476068219	M	0.050814666053916914	0.02420271301183656	2.099544213455142	LE_Hel	477
LE_Hel_481	13318	6941	LE	0.5211743505030786	M	0.031023361516425128	0.014777724733708019	2.0993327508436246	LE_Hel	481
LE_Hel_488	48973	1766	LE	0.03606068650072489	F	0.007893279993949976	0.05434070531490335	0.14525538356943601	LE_Hel	488
LE_Hel_489	40556	1068	LE	0.026333957984022095	F	0.004773512476522409	0.04500115665267025	0.10607532853800906	LE_Hel	489
LE_Hel_490	25005	13195	LE	0.5276944611077784	M	0.05897612090609848	0.02774568305799437	2.1255962876396253	LE_Hel	490
LE_Hel_491	28135	21496	LE	0.7640305669095433	M	0.0960781125424398	0.03121874796387409	3.0775773792600547	LE_Hel	491
LE_Hel_561	21423	14773	LE	0.6895859590160108	M	0.06602911967758945	0.023771076510754385	2.777708432670978	LE_Hel	561
LE_Hel_613	42351	931	LE	0.021982951996410947	F	0.004161179883560264	0.046992898347895204	0.08854912188549106	LE_Hel	613
LE_Hel_850	25792	18049	LE	0.6997906327543424	M	0.0806714669370346	0.02861894250876988	2.81881368999969	LE_Hel	850
LE_Joe_1027	19217	12103	LE	0.6298069417703075	M	0.05409533848628344	0.02132328699561999	2.5369136802123964	LE_Joe	1027
LE_Joe_103	66768	925	LE	0.013853942008147616	F	0.0041343623977371045	0.07408613342996073	0.055804807274031004	LE_Joe	103
LE_Joe_2	27411	12030	LE	0.4388749042355259	M	0.05376905907543499	0.03041539365337667	1.767823875245673	LE_Joe	2
LE_Joe_216	46727	1265	LE	0.027072142444411154	F	0.005654019927716148	0.051848531583719375	0.10904879569417798	LE_Joe	216
LE_Joe_22	37421	938	LE	0.025066139333529303	F	0.004192466950353951	0.04152254371978434	0.10096845170774922	LE_Joe	22
LE_Joe_226	46500	2397	LT	0.051548387096774194	F	0.01071358558635226	0.051596651157638	0.2076411035596115	LE_Joe	226
LE_Joe_228	39433	929	LE	0.023558948089163898	F	0.004152240721619211	0.043755069787078264	0.09489736256449646	LE_Joe	228
LE_Joe_3	31282	429	LE	0.013713956908126079	F	0.0019174502363559112	0.03471067616157488	0.05524093588469333	LE_Joe	3
LE_Joe_377	21336	9505	LE	0.44549118860142484	M	0.04248336712485533	0.023674540840846546	1.7944748077883408	LE_Joe	377
LE_Joe_378	14079	8587	LE	0.6099154769514881	M	0.03838029179391191	0.015622134444051299	2.456789239099566	LE_Joe	378
LE_Joe_38	41943	4163	LE	0.09925374913573183	F	0.018606865580302234	0.046540179344189476	0.39980218904389103	LE_Joe	38
LE_Joe_39	37422	732	LE	0.019560686227352894	F	0.003271733270425471	0.041523653325185574	0.07879203799346451	LE_Joe	39
LE_Joe_4	28010	662	LE	0.023634416279900036	F	0.002958862602488609	0.03108004728871915	0.09520135458618048	LE_Joe	4
LE_Joe_40	54420	1023	LE	0.018798235942668138	F	0.004572381332848712	0.060384725935455054	0.07572082611977254	LE_Joe	40
LE_Joe_486	24659	437	LE	0.017721724319720994	F	0.001953206884120124	0.027361759589165494	0.07138454958479866	LE_Joe	486
LE_Joe_566	8031	4987	LE	0.6209687461088282	M	0.022289800300016153	0.00891124097735464	2.501312707922418	LE_Joe	566
LE_Joe_569	19099	10406	LE	0.5448452798575841	M	0.0465104595792998	0.021192353558273723	2.1946811830695236	LE_Joe	569
LE_Joe_583	45575	764	LE	0.016763576522216127	F	0.0034147598614823224	0.05057026616149144	0.0675250521833839	LE_Joe	583
LE_Joe_584	19179	10717	LE_F1	0.5587882579905105	M	0.04790049926113357	0.021281121990372884	2.250844635109122	LE_Joe	584
LE_Joe_87	39033	904	LE	0.02315989034919171	F	0.004040501197356047	0.04331122762658245	0.09328992547133833	LE_Joe	87
LE_Kor_182	30851	652	LE	0.021133836828627923	F	0.002914166792783343	0.034232436233640647	0.08512881680093673	LE_Kor	182
LE_Kor_190	38623	685	LE	0.017735546177148332	F	0.003061662964810721	0.04285628941207425	0.07144022515276682	LE_Kor	190
LE_Kor_192	23691	12486	LE	0.5270355831328353	M	0.055807187997995125	0.026287661560765632	2.1229422734689884	LE_Kor	192
LE_Kor_193	18159	13664	LE	0.7524643427501514	M	0.06107235438127546	0.02014932448110857	3.030987685891661	LE_Kor	193
LE_Kor_194	17953	9156	LE	0.5099983289700886	M	0.040923483366141544	0.019920745768453225	2.054314825449384	LE_Kor	194
LE_Kor_319	20187	11876	LE	0.5882994006043494	M	0.053080743605973896	0.02239960423482233	2.36971792222359	LE_Kor	319
LE_Kor_335	19837	11916	LE	0.6006956697081212	M	0.053259526844794965	0.022011242344388494	2.4196511042627655	LE_Kor	335
LE_Kor_484	17113	6093	LE	0.35604511190323146	M	0.027233156853418573	0.018988677231412024	1.4341787224845823	LE_Kor	484
LE_Kor_499	17604	9728	LE	0.5526016814360373	M	0.04348008368128276	0.019533493483420632	2.2259246006448965	LE_Kor	499
LE_Kor_500	18327	10729	LE	0.5854204179625689	M	0.04795413423277989	0.02033573818851681	2.35812114555343	LE_Kor	500
LE_Kor_502	19555	9759	LE	0.49905395039631806	M	0.04361864069136909	0.02169833362123895	2.010229976769917	LE_Kor	502
LE_Kor_504	26604	575	LE	0.021613291234400842	F	0.002570009058052795	0.02951994209457637	0.08706009821492762	LE_Kor	504
LE_Kor_506	14193	9210	LE	0.6489114352145424	M	0.041164840738549986	0.015748629459792603	2.6138681365033585	LE_Kor	506
LE_Kor_510	25497	590	LE	0.023139977252225753	F	0.0026370527726106937	0.028291608915404217	0.09320971389417415	LE_Kor	510
LE_Kor_511	19909	9712	LE	0.48781957908483603	M	0.04340857038575434	0.022091133933277742	1.9649770137133766	LE_Kor	511
LE_Kor_513	11205	5958	LE	0.5317269076305221	M	0.026629763422397482	0.012433128520888898	2.141839310810374	LE_Kor	513
LE_Kor_520	14117	7665	LE	0.5429623857760147	M	0.03425933813908639	0.0156642994492984	2.187096732284498	LE_Kor	520
LE_Kor_521	19675	400	LE	0.020330368487928845	F	0.00178783238821064	0.02183148626938769	0.08189238085533164	LE_Kor	521
LE_Kor_73	34343	680	LE	0.01980025041493172	F	0.003039315059958088	0.03810717829476907	0.07975702206151777	LE_Kor	73
LE_Kor_86	14858	291	LE	0.019585408534123033	F	0.0013006480624232406	0.01648651705161689	0.0788916214595903	LE_Kor	86
LE_Mjo_13	11373	6554	LE	0.5762771476303525	M	0.029293633680831335	0.012619542228297139	2.3212913076312254	LE_Mjo	13
LE_Mjo_14	15267	6296	LE	0.41239274251653896	M	0.028140481790435472	0.016940345660723857	1.661151569987093	LE_Mjo	14
LE_Mjo_215	37356	969	LE	0.025939608095085127	F	0.004331023960440275	0.041450419368703764	0.10448685505243212	LE_Mjo	215
LE_Mjo_291	41340	997	LE	0.024117077890662798	F	0.00445617222761502	0.04587108728724204	0.09714555488320416	LE_Mjo	291
LE_Mjo_562	41958	711	LE	0.016945516945516947	F	0.0031778720700444125	0.04655682342520807	0.06825792303354962	LE_Mjo	562
LE_Mjo_574	21528	9523	LE	0.44235414344109997	M	0.04256381958232481	0.023887585077884535	1.7818385342656926	LE_Mjo	574
LE_Mjo_89	32032	794	LE	0.024787712287712288	F	0.00354884729059812	0.03554288021250453	0.09984692488003777	LE_Mjo	89
LE_Mjo_93	35332	1068	LE	0.030227555756821012	F	0.004773512476522409	0.03920457803659497	0.1217590576301227	LE_Mjo	93
LE_Oulu_151	20569	1077	LT	0.0523603480966503	F	0.004813738705257148	0.02282347349809583	0.21091174862839174	LE_Oulu	151
LE_Oulu_152	13934	10024	LT	0.7193914166786278	M	0.04480307964855863	0.015461241660871568	2.8977672447836915	LE_Oulu	152
LE_Oulu_153	35204	553	LE	0.01570844222247472	F	0.00247167827670121	0.0390625485452363	0.06327488524817801	LE_Oulu	153
LE_Oulu_154	14201	7795	LE	0.5489050066896698	M	0.03484038366525485	0.01575750630300252	2.2110340935491912	LE_Oulu	154
LE_Oulu_337	15262	9098	LE	0.5961210850478312	M	0.040664247669851	0.01693479763371766	2.401224304498764	LE_Oulu	337
LE_Oulu_338	15967	9071	LE	0.5681092252771341	M	0.040543568983646784	0.017717069441591526	2.288390250843017	LE_Oulu	338
LE_Oulu_339	13276	8036	LE	0.6053028020488099	M	0.035917552679151754	0.014731121306855959	2.4382090087355057	LE_Oulu	339
LE_Oulu_342	18539	12436	LE	0.6708020928852689	M	0.0555837089494688	0.02057097453357959	2.702045489324544	LE_Oulu	342
LE_Oulu_344	17655	301	LE	0.017048994619088077	F	0.0013453438721285065	0.019590083358883847	0.06867473953439869	LE_Oulu	344
LE_Oulu_345	36939	663	LE	0.017948509705189637	F	0.002963332183459136	0.040987713916386885	0.07229805959669285	LE_Oulu	345
LE_Oulu_346	2920	163	LE	0.05582191780821918	F	7.285416981958358e-4	0.0032400477716194183	0.22485523348678932	LE_Oulu	346
LE_Oulu_365	22022	14156	LT	0.6428117337208247	M	0.06327138821877455	0.02443573014609686	2.5892980418627247	LE_Oulu	365
LE_Oulu_457	15662	10429	LE	0.6658791980589963	M	0.04661325994162191	0.01737863979421347	2.6822156678304956	LE_Oulu	457
LE_Oulu_54	11055	8942	LE	0.8088647670737223	M	0.039966993038448854	0.012266687710702969	3.2581731907609197	LE_Oulu	54
LE_Oulu_604	36820	660	LE	0.017925040738728953	F	0.002949923440547556	0.04085567087363938	0.07220352468745987	LE_Oulu	604
LE_Oulu_63	33364	648	LE	0.01942213163889222	F	0.0028962884689012367	0.03702087460695557	0.07823392882125683	LE_Oulu	63
LE_Oulu_77	25247	645	LE	0.025547589812651008	F	0.002882879725989657	0.028014207565094335	0.1029077734678357	LE_Oulu	77
LE_Oulu_777	13661	704	LE	0.05153356269672791	F	0.0031465850032507264	0.015158319386333177	0.2075813896682837	LE_Oulu	777
LE_Oulu_92	16641	11737	LE	0.7053061715041163	M	0.0524594718510707	0.018464943482026968	2.841030729508197	LE_Oulu	92
LE_Val_278	21762	11208	LE	0.5150261924455473	M	0.05009506351766213	0.024147232741774584	2.0745674692155487	LE_Val	278
LE_Val_279	48055	1031	LE	0.02145458328998023	F	0.004608137980612924	0.053322087556565465	0.0864208096827509	LE_Val	279
LE_Val_280	48017	1564	LE	0.03257179748838953	F	0.006990424637903602	0.05327992255131836	0.13120185434148365	LE_Val	280
LE_Val_284	27031	16413	LE	0.6071917428138064	M	0.07335923246925308	0.02999374360090565	2.4458178160540793	LE_Val	284
LE_Val_286	26998	15704	LE	0.5816727164975183	M	0.07019029956114972	0.029957126622664747	2.3430250986770425	LE_Val	286
LE_Val_30	5831	2390	LE	0.4098782370090894	M	0.010682298519558573	0.0064701090946276815	1.6510229369128249	LE_Val	30
LE_Val_31	28664	870	LE	0.03035166061959252	F	0.0038885354443581417	0.0318057292211298	0.12225896212984276	LE_Val	31
LE_Val_32	32666	789	LE	0.024153554154166413	F	0.0035264993857454874	0.03624637003689039	0.09729248424480383	LE_Val	32
LE_Val_33	15364	9515	LE	0.6193048685238219	M	0.042528062934560594	0.01704797738464409	2.4946104734317402	LE_Val	33
LE_Val_34	19918	11321	LE	0.5683803594738428	M	0.05060012616733164	0.022101120381888897	2.289482401480275	LE_Val	34
LE_Val_37	45987	1331	LE	0.028942962141474765	F	0.0059490122717709044	0.05102742358680212	0.1165846098745533	LE_Val	37
LE_Val_6	11961	5645	LE	0.471950505810551	M	0.025230784578622656	0.01327199020422598	1.9010550934997552	LE_Val	6
LE_Val_920	30761	795	LE	0.025844413380579304	F	0.0035533168715686466	0.03413257174752909	0.10410340298562112	LE_Val	920
LE_Val_921	26794	11108	LE	0.4145704262148242	M	0.04964810542060947	0.029730767120811883	1.6699234573686872	LE_Val	921
LE_Val_922	8637	3492	LE	0.40430705105939563	M	0.015607776749078886	0.009583661850505793	1.6285817459487222	LE_Val	922
LE_Val_925	3377	186	LE	0.055078472016582766	F	8.313420605179475e-4	0.003747137439985882	0.22186057325964528	LE_Val	925
LE_Val_926	2592	139	LE	0.053626543209876545	F	6.212717549031974e-4	0.0028760972000128537	0.2160120857182507	LE_Val	926
LE_Val_927	13195	10745	LE	0.8143236074270557	M	0.04802564752830831	0.014641243269355557	3.2801618445085907	LE_Val	927
LE_Val_928	44228	1439	LE	0.032535950076874376	F	0.006431727016587777	0.04907562768602179	0.13105745804693447	LE_Val	928
LE_Val_929	33659	869	LE	0.025817760480109333	F	0.0038840658633876152	0.03734820820032123	0.10399604293076121	LE_Val	929
LTM.2113	24331	837	LT_parental	0.03440055895770827	F	0.003741039272330764	0.026997809017558928	0.13856825455345856	LTM_2113	
LTM.AMU.1846	15712	10044	LT_parental	0.6392566191446029	M	0.04489247126796917	0.017434120064275447	2.5749777506671587	LTM_AMU	1846
LTM.AMU.1847	18814	12005	LT_parental	0.6380886573828001	M	0.05365731955117183	0.02087611601892046	2.570273105521213	LTM_AMU	1847
LTM.AMU.1848	15311	7323	LT_parental	0.47828358696362094	M	0.03273074144716629	0.016989168298378397	1.9265652604248094	LTM_AMU	1848
LTM.AMU.1849	25174	13596	LT_parental	0.540081035989513	M	0.06076842287527965	0.027933206370803848	2.175490420562517	LTM_AMU	1849
LTM.KAM.1851	2423	180	LT_parental	0.07428807263722657	F	8.04524574694788e-4	0.002688573887203374	0.2992384098216642	LTM_KAM	1851
LTM.KAM.1852	5955	218	LT_parental	0.036607892527287994	F	9.743686515747988e-4	0.006607700164381383	0.14745957403259682	LTM_KAM	1852
LTM.KAM.1853	7764	7569	LT_parental	0.9748840803709428	M	0.033830258365915834	0.008614976335223687	3.926912512527225	LTM_KAM	1853
LTM.KAM.1854	24626	985	LT_parental	0.03999837570047917	F	0.004402537255968701	0.02732514261092459	0.16111671652204176	LTM_KAM	1854
LTM.KOL.1855	48749	32956	LT_parental	0.6760343801924142	M	0.14729951046467463	0.054092153705025695	2.723121568941875	LTM_KOL	1855
LTM.KOL.1856	35205	1304	LT_parental	0.03704019315438148	F	0.005828333585566686	0.039063658150637545	0.14920091618382042	LTM_KOL	1856
LTM.KOL.1857	31636	892	LT_parental	0.028195726387659627	F	0.003986866225709727	0.03510347647361367	0.11357468337093468	LTM_KOL	1857
LTM.KOL.1858	39951	2179	LT_parental	0.05454181372180922	F	0.00973921693477746	0.04432984538492034	0.219698869919597	LTM_KOL	1858
LTM.KOL.1859	108303	4840	LT_parental	0.044689436119036405	F	0.021632771897348742	0.12017359377044448	0.18001269013117516	LTM_KOL	1859
LTM.KOL.1860	31303	1014	LT_parental	0.03239306136792001	F	0.004532155104113972	0.03473397787500091	0.13048189068421964	LTM_KOL	1860
LTM.KOL.1861	12034	684	LT_parental	0.05683895629051022	F	0.003057193383840194	0.013352991398516466	0.2289519473651314	LTM_KOL	1861
LTM.MAG.1862	34398	25221	LT_parental	0.7332112332112332	M	0.11272730165765138	0.03816820659183725	2.9534345918615816	LTM_MAG	1862
LTM.MAG.1863	4852	191	LT_parental	0.039365210222588626	F	8.536899653705806e-4	0.005383805406814184	0.15856627438467238	LTM_MAG	1863
LTM.MAG.1864	19908	864	LT_parental	0.0433996383363472	F	0.003861717958534982	0.0220900243278765	0.17481727956549545	LTM_MAG	1864
LTM.MAG.1865	19563	14057	LT_parental	0.7185503245923427	M	0.06282889970269241	0.021707210464448866	2.8943792573251583	LTM_MAG	1865
LTM.MAG.1866	25490	15413	LT_parental	0.6046684974499804	M	0.06888965149872649	0.02828384167759554	2.435653978126175	LTM_MAG	1866
LTM.PRI.1867	19285	1212	LT_parental	0.06284677210267046	F	0.0054171321362782385	0.021398740162904276	0.2531519189933009	LTM_PRI	1867
LTM.PRI.1868	6274	371	LT_parental	0.05913292955052598	F	0.0016582145400653686	0.006961664287376792	0.23819225857703583	LTM_PRI	1868
LTM.PRI.1869	21770	13488	LT_parental	0.619568213137345	M	0.06028570813046278	0.0241561095849845	2.495671246993205	LTM_PRI	1869
LTM.URA.1833	9	5	LT_parental	0.5555555555555556	M	2.2347904852632998e-5	9.986448611155741e-6	2.2378230462897912	LTM_URA	1833
LTM.URA.1834	23	8	LT_parental	0.34782608695652173	M	3.57566477642128e-5	2.5520924228509117e-5	1.4010718202857826	LTM_URA	1834
LTM.URA.1835	27741	11208	LT_parental	0.40402292635449333	M	0.05009506351766213	0.030781563435785714	1.627437268485951	LTM_URA	1835
LTM.URA.1836	11	1	LT_parental	0.09090909090909091	F	4.4695809705266e-6	1.2205659413634796e-5	0.36618922575651136	LTM_URA	1836
LTM.URA.1837	46934	22904	LT_parental	0.4880044317552307	M	0.10237128254894125	0.052078219901775955	1.9657216153321364	LTM_URA	1837
LTM.URA.1838	74248	35534	LT_parental	0.4785852817584312	M	0.1588220902066922	0.08238598183123239	1.9277805116413993	LTM_URA	1838
LTM.URA.1839	365	193	LT_parental	0.5287671232876713	M	8.626291273116337e-4	4.050059714524273e-4	2.129917058304311	LTM_URA	1839
LTM.URA.1840	144	28	LT_parental	0.19444444444444445	F	0.00012514826717474479	1.5978317777849186e-4	0.783238066201427	LTM_URA	1840
LTM.URA.1843	138	63	LT_parental	0.45652173913043476	M	2.815836011431758e-4	1.531255453710547e-4	1.8389067641250894	LTM_URA	1843
LTM.URA.1845	66770	2882	LT_parental	0.04316309719934102	F	0.01288133235705766	0.07408835264076322	0.17386447259147703	LTM_URA	1845
LTM.YAK.1870	6768	3959	LT_parental	0.5849586288416075	M	0.01769507106231481	0.007509809355589118	2.356261021346086	LTM_YAK	1870
LTM.YAK.1871	6241	3412	LT_parental	0.5467072584521712	M	0.015250210271436759	0.006925047309135887	2.2021813845687204	LTM_YAK	1871
LTM.YAK.1872	10371	361	LT_parental	0.03480860090637354	F	0.0016135187303601025	0.011507717616255133	0.1402118807712956	LTM_YAK	1872
LTM.YAK.1873	23079	704	LT_parental	0.03050392131374843	F	0.0031465850032507264	0.02560858305520704	0.1228722806126099	LTM_YAK	1873
LT_Hir_191	20823	13894	LT	0.6672429525044422	M	0.06210035800449658	0.02310531327001067	2.687708981859994	LT_Hir	191
LT_Hir_386	21957	14149	LT	0.6443958646445325	M	0.06324010115198087	0.024363605795016292	2.5956790503036693	LT_Hir	386
LT_Hir_433	38479	1747	LT	0.045401387769952443	F	0.00780835795550997	0.04269650623429575	0.1828804893932503	LT_Hir	433
LT_Hir_436	41403	1747	LT	0.04219501002342826	F	0.00780835795550997	0.04594099242752013	0.1699649385639417	LT_Hir	436
LT_Hir_441	23019	13466	LT	0.5849950041270255	M	0.06018737734911119	0.02554200673113267	2.3564075439597287	LT_Hir	441
LT_Hir_442	27701	1414	LT	0.051045088624959385	F	0.0063199874923246125	0.030737179219736135	0.2056137763047102	LT_Hir	442
LT_Hir_444	33706	1588	LT	0.04711327360113926	F	0.00709769458119624	0.037400359654179496	0.18977610501141456	LT_Hir	444
LT_Hir_503	18434	11126	LT	0.603558641640447	M	0.04972855787807895	0.02045446596644944	2.4311833884906364	LT_Hir	503
LT_Hir_505	40112	1723	LT	0.042954726765057835	F	0.007701088012217331	0.044508491854519903	0.17302513950346926	LT_Hir	505
LT_Hir_514	29416	16544	LT	0.5624150122382376	M	0.07394474757639206	0.03264015248286192	2.26545349673895	LT_Hir	514
LT_Hir_515	20163	12203	LT	0.6052174775579031	M	0.0545422965833361	0.02237297370519258	2.4378653147336107	LT_Hir	515
LT_Hir_516	44349	1981	LT	0.04466842544364022	F	0.008854239902613194	0.049209889939571774	0.1799280574186597	LT_Hir	516
LT_Hir_519	28671	1289	LT	0.04495832025391511	F	0.005761289871008787	0.031813496458938474	0.181095777336039	LT_Hir	519
LT_Hir_522	21780	13010	LT	0.5973370064279155	M	0.058149248426551066	0.024167205638996894	2.4061221348950568	LT_Hir	522
LT_Hir_523	16436	10880	LT	0.6619615478218545	M	0.048629040959329406	0.018237474374772862	2.666435053452134	LT_Hir	523
LT_Hir_817	42940	2433	LT	0.056660456450861665	F	0.010874490501291217	0.047646455929225284	0.2282329354662672	LT_Hir	817
LT_Hir_818	35921	1830	LT	0.05094512958993346	F	0.008179333176063678	0.03985813561792505	0.2052111331666316	LT_Hir	818
LT_Hir_821	42839	2070	LT	0.04832045565956255	F	0.009252032608990062	0.04753438578370009	0.19463873270794751	LT_Hir	821
LT_Hir_822	15609	8684	LT	0.5563456979947466	M	0.038813841148052995	0.017319830707947775	2.241005804418284	LT_Hir	822
LT_Hir_828	41758	2336	LT	0.055941376502706065	F	0.010440941147150136	0.04633490234496016	0.22533642284207372	LT_Hir	828
LT_IN_258	14934	11195	LT	0.7496317128699611	M	0.050036958965045286	0.016570847062111094	3.0195776219221635	LT_IN	258
LT_IN_259	36002	1410	LT	0.0391644908616188	F	0.006302109168442506	0.03994801365542545	0.15775776044340567	LT_IN	259
LT_IN_260	27801	1234	LT	0.04438689255782166	F	0.005515462917629824	0.030848139759860088	0.17879402001434785	LT_IN	260
LT_IN_261	28064	1079	LT	0.03844783352337514	F	0.004822677867198201	0.031139965980386083	0.15487100628933984	LT_IN	261
LT_IN_262	22532	16273	LT	0.7222172909639624	M	0.07273349113337936	0.02500162890072902	2.9091500966666426	LT_IN	262
LT_IN_348	34154	1505	LT	0.044065116823798094	F	0.006726719360642532	0.0378974628739348	0.17749788113834528	LT_IN	348
LT_IN_349	32784	1790	LT	0.054599804782820886	F	0.008000549937242614	0.03637730347423665	0.21993246263865632	LT_IN	349
LT_IN_448	28285	959	LT	0.033904896588297685	F	0.004286328150735009	0.03138518877406002	0.13657168614125642	LT_IN	448
LT_IN_455	22204	999	LT	0.04499189335254909	F	0.004465111389556073	0.024637678329122455	0.18123101251298426	LT_IN	455
LT_IN_460	31547	1291	LT	0.04092306716961993	F	0.00577022903294984	0.035004721592903354	0.16484144910667312	LT_IN	460
LT_IN_479	20665	13711	LT	0.6634889910476651	M	0.061282424686890206	0.022929995616614823	2.672587719226847	LT_IN	479
LT_IN_570	30119	1193	LT	0.039609548789800456	F	0.005332210097838234	0.03342020507993331	0.15955049004291968	LT_IN	570
LT_IN_578	15730	10422	LT	0.6625556261919898	M	0.04658197287482822	0.017454092961497757	2.6688280495345182	LT_IN	578
LT_IN_580	35917	1778	LT	0.04950302085363477	F	0.007946914965596295	0.039853697196320086	0.1994022016690105	LT_IN	580
LT_IN_65	9083	5726	LT	0.6304084553561599	M	0.025592820637235312	0.010078545859458622	2.539336625949535	LT_IN	65
LT_IN_67	28703	947	LT	0.032993066926802074	F	0.00423269317908869	0.03184900383177814	0.13289876196584255	LT_IN	67
LT_IN_736	30654	1587	LT	0.051771383832452535	F	0.007093225000225713	0.034013843969596454	0.20853935258143858	LT_IN	736
LT_IN_739	16175	9854	LT	0.6092117465224112	M	0.04404325088356911	0.017947867365049348	2.4539545555889513	LT_IN	739
LT_IN_742	16152	10168	LT	0.6295195641406637	M	0.045446699308314464	0.017922346440820837	2.535756099703707	LT_IN	742
LT_IN_745	28499	1269	LT	0.0445278781711639	F	0.005671898251598255	0.03162264432992528	0.17936192155286645	LT_IN	745
LT_IN_746	40905	1687	LT	0.04124190196797457	F	0.0075401830972783735	0.045388408937702844	0.16612574165416405	LT_IN	746
LT_IN_749	22531	14273	LT	0.6334827570902313	M	0.06379432919232615	0.02500051929532778	2.551720163838691	LT_IN	749
LT_IN_804	49131	2965	LT	0.060348863243166226	F	0.013252307577611368	0.054516022968299195	0.2430901385693069	LT_IN	804
LT_Lap_122	28046	1437	LT	0.05123725308421878	F	0.006422787854646724	0.03111999308316377	0.2063878304048055	LT_Lap	122
LT_Lap_123	41289	1562	LT	0.03783089927099227	F	0.006981485475962549	0.04581449741177882	0.15238594485088952	LT_Lap	123
LT_Lap_124	29843	1070	LT	0.03585430419193781	F	0.004782451638463462	0.0331139539891912	0.14442405881292558	LT_Lap	124
LT_Lap_127	17837	12448	LT	0.6978752032292426	M	0.055637343921115114	0.019792031541909443	2.8110981837970273	LT_Lap	127
LT_Lap_128	44471	1517	LT	0.03411211800948933	F	0.0067803543322888515	0.049345261798523	0.1374063909109061	LT_Lap	128
LT_Lap_129	30133	1221	LT	0.04052035973849268	F	0.005457358365012978	0.03343573955555066	0.16321931076015345	LT_Lap	129
LT_Lap_132	36772	1425	LT	0.03875231154139019	F	0.006369152883000405	0.04080240981437988	0.1560974685557847	LT_Lap	132
LT_Lap_135	20795	12374	LT	0.5950468862707382	M	0.05530659492929615	0.02307424431877596	2.396897344295349	LT_Lap	135
LT_Lap_136	36392	1216	LT	0.033413937129039346	F	0.005435010460160345	0.040380759761908865	0.13459406143435632	LT_Lap	136
LT_Lap_140	36975	2116	LT	0.05722785665990534	F	0.009457633333634285	0.041027659710831506	0.2305184697419488	LT_Lap	140
LT_Lap_146	24804	826	LT	0.033301080470891795	F	0.0036918738816549713	0.027522652372345226	0.13413946561940257	LT_Lap	146
LT_Lap_149	23101	17312	LT	0.7494047876715294	M	0.0773773857617565	0.02563299437403431	3.0186635487322615	LT_Lap	149
LT_Lap_158	16895	11279	LT	0.6675939627108612	M	0.05041240376656952	0.018746783253941808	2.6891228795729267	LT_Lap	158
LT_Lap_159	32687	1613	LT	0.049346835133233395	F	0.007209434105459406	0.036269671750316416	0.19877307286070242	LT_Lap	159
LT_Lap_164	19047	12955	LT	0.6801596051871686	M	0.0579034214731721	0.02113465407740927	2.7397383113577805	LT_Lap	164
LT_Lap_167	21338	12431	LT	0.5825756865685632	M	0.05556136104461616	0.023676760051649023	2.346662335700212	LT_Lap	167
LT_Lap_170	29946	1568	LT	0.05236091631603553	F	0.0070083029617857085	0.033228243345518875	0.21091403746237583	LT_Lap	170
LT_Lap_453	18057	11689	LT	0.6473389821122002	M	0.052244931964485423	0.020036144730182136	2.607534167278422	LT_Lap	453
LT_Lap_465	41105	1724	LT	0.041941369663058024	F	0.007705557593187858	0.04561033001795075	0.16894325452491135	LT_Lap	465
LT_Lap_559	37693	1467	LT	0.0389196933117555	F	0.0065568752837625215	0.041824356388921485	0.15677169596563878	LT_Lap	559
LT_Oulu_23	34950	1396	LT	0.03994277539341917	F	0.006239535034855134	0.038780708773321466	0.16089275395470637	LT_Oulu	23
LT_Oulu_232	38193	1629	LT	0.04265179483151363	F	0.007280947400987831	0.04237915908954125	0.171804904991253	LT_Oulu	232
LT_Oulu_233	15243	8994	LT	0.5900413304467624	M	0.04019941124891624	0.016913715131094107	2.37673455756706	LT_Oulu	233
LT_Oulu_24	33970	1004	LT	0.029555490138357374	F	0.004487459294408706	0.03769329548010673	0.11905192255681221	LT_Oulu	24
LT_Oulu_26	40371	1541	LT	0.03817096430606128	F	0.00688762427558149	0.04479587965344094	0.15375575452177612	LT_Oulu	26
LT_Oulu_27	36662	1129	LT	0.030794828432709618	F	0.005046156915724531	0.040680353220243534	0.1240440781918639	LT_Oulu	27
LT_Oulu_336	23794	1100	LT	0.04623014205261831	F	0.00491653906757926	0.0264019509170933	0.18621877917348018	LT_Oulu	336
LT_Oulu_347	29002	1216	LT	0.04192814288669747	F	0.005435010460160345	0.032180775846748756	0.16888997599196937	LT_Oulu	347
LT_Oulu_359	38789	2006	LT	0.051715692593260976	F	0.00896597942687636	0.04304048390868001	0.2083150237320678	LT_Oulu	359
LT_Oulu_360	21264	11995	LT	0.5640989465763732	M	0.05361262374146657	0.0235946492519573	2.272236521465523	LT_Oulu	360
LT_Oulu_361	33921	1456	LT	0.04292326287550485	F	0.006507709893086729	0.03763892481544599	0.17289840039256757	LT_Oulu	361
LT_Oulu_362	15983	9477	LT	0.5929425014077457	M	0.04235821885768059	0.01773482312801136	2.388420710594947	LT_Oulu	362
LT_Oulu_364	17842	9900	LT	0.5548705302096177	M	0.04424885160821334	0.01979757956891564	2.235063708378213	LT_Oulu	364
LT_Oulu_494	32336	981	LT	0.030337704106877784	F	0.004384658932086594	0.03588020025448134	0.1222027441594048	LT_Oulu	494
LT_Oulu_495	17101	9676	LT	0.5658148646277995	M	0.04324766547081538	0.01897536196659715	2.279148379195371	LT_Oulu	495
LT_Oulu_496	26540	1460	LT	0.055011303692539565	F	0.006525588216968836	0.029448927348897043	0.22159001377730114	LT_Oulu	496
LT_Oulu_501	26223	1484	LT	0.056591541776303246	F	0.006632858160261474	0.029097182436704113	0.22795534154174926	LT_Oulu	501
LT_Oulu_600	34255	1443	LT	0.04212523719165085	F	0.006449605340469884	0.038009533019459994	0.16968388791222025	LT_Oulu	600
LT_Oulu_605	36947	1781	LT	0.04820418437220884	F	0.007960323708507874	0.0409965907595968	0.19417038248831603	LT_Oulu	605
LT_Oulu_785	38084	1182	LT	0.031036655813464972	F	0.005283044707162441	0.042258212100806145	0.1250181785864447	LT_Oulu	785
LT_Pun_105	53676	2412	LT	0.04493628437290409	F	0.010780629300910158	0.05955917951693285	0.18100701501176983	LT_Pun	105
LT_Pun_171	3092	134	LT	0.04333764553686934	F	5.989238500505643e-4	0.003430899900632617	0.17456756751781943	LT_Pun	171
LT_Pun_173	228	77	LT	0.33771929824561403	M	3.441577347305482e-4	2.529900314826121e-4	1.3603608518235313	LT_Pun	173
LT_Pun_178	5667	2251	LT	0.3972119287100759	M	0.010061026764655376	0.0062881338088243985	1.600002014991526	LT_Pun	178
LT_Pun_179	15335	6614	LT	0.4313009455493968	M	0.02956180853906293	0.017015798828008143	1.7373153525066336	LT_Pun	179
LT_Pun_185	46469	2641	LT	0.05683358798338677	F	0.01180416334316075	0.051562253390199576	0.22893032338661062	LT_Pun	185
LT_Pun_189	49116	2879	LT	0.05861633683524717	F	0.012867923614146081	0.054499378887280604	0.23611138102620238	LT_Pun	189
LT_Pun_231	59025	2768	LT	0.04689538331215587	F	0.012371800126417629	0.06549445880816307	0.18889842517296498	LT_Pun	231
LT_Pun_35	19858	10413	LE	0.5243730486453823	M	0.046541746646093486	0.022034544057814524	2.1122173676013736	LT_Pun	35
LT_Pun_353	24351	1261	LT	0.05178432097244466	F	0.0056361416038340426	0.02702000112558372	0.208591464435488	LT_Pun	353
LT_Pun_36	54327	1984	LT	0.03651959430853903	F	0.008867648645524775	0.060281532633139776	0.1471039016126439	LT_Pun	36
LT_Pun_398	59569	1963	LT	0.032953381792543104	F	0.008773787445143715	0.06609808414643738	0.13273890701137084	LT_Pun	398
LT_Pun_399	19535	10043	LT	0.514102892244689	M	0.04488800168699864	0.021676141513214158	2.0708483407729243	LT_Pun	399
LT_Pun_400	66050	2484	LT	0.03760787282361847	F	0.011102439130788073	0.07328943675187075	0.1514875761479321	LT_Pun	400
LT_Pun_416	27092	19842	LT	0.7323933264432305	M	0.0886854256171888	0.030061429530381264	2.9501399967543067	LT_Pun	416
LT_Pun_417	61619	2680	LT	0.04349307843360003	F	0.011978477001011288	0.0683727752189784	0.17519366389103938	LT_Pun	417
LT_Pun_421	39242	2096	LT	0.05341216044034453	F	0.009368241714223752	0.04354313515544151	0.21514853445395557	LT_Pun	421
LT_Pun_422	54988	2263	LT	0.04115443369462428	F	0.010114661736301695	0.061014981803359104	0.16577341232190362	LT_Pun	422
LT_Pun_468	52309	1801	LT	0.03443002160240111	F	0.008049715327918407	0.05804234893343841	0.13868693248699548	LT_Pun	468
LT_Pun_576	21161	13868	LT	0.6553565521478191	M	0.06198414889926288	0.02348035989562963	2.6398295926801327	LT_Pun	576
LT_SCH_125	36757	1907	LT	0.05188127431509645	F	0.008523490910794226	0.04078576573336129	0.2089820003997698	LT_SCH	125
LT_SCH_141	26025	16813	LT	0.646032660902978	M	0.07514706485746372	0.02887748056725869	2.6022721990042834	LT_SCH	141
LT_SCH_142	46341	2631	LT	0.056774778274098534	F	0.011759467533455484	0.05142022389884091	0.22869343308558715	LT_SCH	142
LT_SCH_257	25866	17670	LT	0.683136163303178	M	0.07897749574920501	0.0287010533084616	2.7517281299889085	LT_SCH	257
LT_SCH_315	28795	22060	LT	0.7661052266018405	M	0.09859895620981679	0.031951087528692176	3.085934277550791	LT_SCH	315
LT_SCH_43	28138	19425	LT	0.6903475726775179	M	0.0868216103524792	0.031222076780077806	2.78077627455834	LT_SCH	43
LT_SCH_44	62804	2999	LT	0.0477517355582447	F	0.013404273330609272	0.06968765761944724	0.19234788179863627	LT_SCH	44
LT_SCH_463	43263	3465	LT	0.08009153318077804	F	0.015487098062874669	0.04800485847382565	0.3226152217763315	LT_SCH	463
LT_SCH_475	54314	3676	LT	0.06768052435836064	F	0.01643017964765578	0.06026710776292366	0.2726226669494107	LT_SCH	475
LT_SCH_554	69551	2543	LT	0.03656309758306854	F	0.011366144408049143	0.07717416526161033	0.14727913634724002	LT_SCH	554
